{
  "feature_names": [
    "pm25",
    "aqi",
    "humidity",
    "hour",
    "is_rush_hour",
    "WS (m/s)"
  ],
  "feature_importance": {
    "pm25": 0.808340847492218,
    "aqi": 0.14533230662345886,
    "humidity": 0.022793546319007874,
    "hour": 0.0029169407207518816,
    "is_rush_hour": 0.004777997732162476,
    "WS (m/s)": 0.015838181599974632
  },
  "rmse": 7.292595977893048,
  "trained_at": "2026-02-18T15:25:33.865426",
  "n_samples": 149382
}